<ImportExportXml xmlns:xsi="http://www.w3.org/2001/XMLSchema-instance">
  <Entities></Entities>
  <Roles></Roles>
  <Workflows>
    <Workflow WorkflowId="{8b94a6d9-a3c1-ed11-83ff-000d3a991110}" Name="Post Bc Sales Order">
      <JsonFileName>/Workflows/PostBcSalesOrder-8B94A6D9-A3C1-ED11-83FF-000D3A991110.json</JsonFileName>
      <Type>1</Type>
      <Subprocess>0</Subprocess>
      <Category>5</Category>
      <Mode>0</Mode>
      <Scope>4</Scope>
      <OnDemand>0</OnDemand>
      <TriggerOnCreate>0</TriggerOnCreate>
      <TriggerOnDelete>0</TriggerOnDelete>
      <AsyncAutodelete>0</AsyncAutodelete>
      <SyncWorkflowLogOnFailure>0</SyncWorkflowLogOnFailure>
      <StateCode>1</StateCode>
      <StatusCode>2</StatusCode>
      <RunAs>1</RunAs>
      <IsTransacted>1</IsTransacted>
      <IntroducedVersion>3.0.0.23</IntroducedVersion>
      <IsCustomizable>1</IsCustomizable>
      <IsCustomProcessingStepAllowedForOtherPublishers>1</IsCustomProcessingStepAllowedForOtherPublishers>
      <PrimaryEntity>none</PrimaryEntity>
      <LocalizedNames>
        <LocalizedName languagecode="3082" description="Post Bc Sales Order" />
      </LocalizedNames>
    </Workflow>
  </Workflows>
  <FieldSecurityProfiles></FieldSecurityProfiles>
  <Templates />
  <EntityMaps />
  <EntityRelationships />
  <OrganizationSettings />
  <optionsets />
  <CustomControls />
  <EntityDataProviders />
  <CanvasApps>
    <CanvasApp>
      <Name>new_takemyorder_5a368</Name>
      <AppVersion>2023-05-29T07:39:54Z</AppVersion>
      <Status>Ready</Status>
      <CreatedByClientVersion>3.23052.29.0</CreatedByClientVersion>
      <MinClientVersion>3.23052.29.0</MinClientVersion>
      <Tags>{"primaryDeviceWidth":"640","primaryDeviceHeight":"1136","supportsPortrait":"true","supportsLandscape":"false","primaryFormFactor":"Phone","publisherVersion":"3.23052.29","minimumRequiredApiVersion":"2.2.0","hasComponent":"true","hasUnlockedComponent":"true","isUnifiedRootApp":"false","sienaVersion":"20230525T055722Z-3.23051.23.0"}</Tags>
      <IsCdsUpgraded>0</IsCdsUpgraded>
      <GalleryItemId xsi:nil="true"></GalleryItemId>
      <BackgroundColor>rgba(97, 91, 76, 1)</BackgroundColor>
      <DisplayName>Take Order</DisplayName>
      <Description>Take Order is a simple sample app that shows how to build a high fidelity canvas Power App using Business Central data</Description>
      <CommitMessage xsi:nil="true"></CommitMessage>
      <Publisher></Publisher>
      <AuthorizationReferences>[]</AuthorizationReferences>
      <ConnectionReferences>{"6cb6806c-e815-4e58-8693-91bcb31c69e7":{"id":"/providers/microsoft.powerapps/apis/shared_dynamicssmbsaas","displayName":"Dynamics 365 Business Central","iconUri":"https://connectoricons-prod.azureedge.net/releases/v1.0.1624/1.0.1624.3220/dynamicssmbsaas/icon.png","dataSources":["itemsWithImage (businessCentralDemos/TakeOrder/beta)","languageResources (businessCentralDemos/TakeOrder/beta)","localeInformations (businessCentralDemos/TakeOrder/beta)","tables (businessCentralDemos/TakeOrder/beta)","salesOrderLines (v2.0)","salesOrders (v2.0)"],"dependencies":[],"dependents":["6454bec5-bfb8-49de-b1e8-79120a4a568c"],"parameterHints":{},"parameterHintsV2":{},"isOnPremiseConnection":false,"bypassConsent":false,"dataSets":{"SANDBOX,d042f46a-15ab-ec11-bb8d-000d3a298f21":{"dataSources":{"itemsWithImage (businessCentralDemos/TakeOrder/beta)":{"tableName":"itemsWithImage,businessCentralDemos%252FTakeOrder%252Fbeta"},"languageResources (businessCentralDemos/TakeOrder/beta)":{"tableName":"languageResources,businessCentralDemos%252FTakeOrder%252Fbeta"},"localeInformations (businessCentralDemos/TakeOrder/beta)":{"tableName":"localeInformations,businessCentralDemos%252FTakeOrder%252Fbeta"},"tables (businessCentralDemos/TakeOrder/beta)":{"tableName":"tables,businessCentralDemos%252FTakeOrder%252Fbeta"},"salesOrderLines (v2.0)":{"tableName":"salesOrderLines,v2.0"},"salesOrders (v2.0)":{"tableName":"salesOrders,v2.0"}}}},"apiTier":"Premium","actions":["providers/PowerPlatform.Governance/Operations/Read"]},"6454bec5-bfb8-49de-b1e8-79120a4a568c":{"id":"/providers/microsoft.powerapps/apis/shared_logicflows","displayName":"Flujos lógicos","iconUri":"https://connectoricons-prod.azureedge.net/releases/v1.0.1636/1.0.1636.3297/logicflows/icon.png","dataSources":["PostBcSalesOrder"],"dependencies":["6cb6806c-e815-4e58-8693-91bcb31c69e7"],"dependents":[],"parameterHints":{"workflowName":{"value":"e1ce4118-a75f-457a-b472-72fa0864affc"},"workflowEntityId":{"value":"8b94a6d9-a3c1-ed11-83ff-000d3a991110"},"6cb6806c-e815-4e58-8693-91bcb31c69e7":{"value":"shared_dynamicssmbsaas"}},"parameterHintsV2":{"workflowName":{"value":"e1ce4118-a75f-457a-b472-72fa0864affc"},"workflowEntityId":{"value":"8b94a6d9-a3c1-ed11-83ff-000d3a991110"},"shared_dynamicssmbsaas":{"value":"6cb6806c-e815-4e58-8693-91bcb31c69e7"}},"isOnPremiseConnection":false,"bypassConsent":false,"dataSets":{},"apiTier":"Standard","actions":["Run"]}}</ConnectionReferences>
      <DatabaseReferences>{}</DatabaseReferences>
      <AppComponents>[]</AppComponents>
      <AppComponentDependencies>[]</AppComponentDependencies>
      <CanConsumeAppPass>1</CanConsumeAppPass>
      <CanvasAppType>0</CanvasAppType>
      <BypassConsent>0</BypassConsent>
      <AdminControlBypassConsent>0</AdminControlBypassConsent>
      <EmbeddedApp xsi:nil="true"></EmbeddedApp>
      <IntroducedVersion>1.0</IntroducedVersion>
      <CdsDependencies>{"cdsdependencies":[{"dependencyid":"8b94a6d9-a3c1-ed11-83ff-000d3a991110","componenttype":29,"componenttypeplatformname":"Workflow"}]}</CdsDependencies>
      <IsCustomizable>1</IsCustomizable>
      <BackgroundImageUri>/CanvasApps/new_takemyorder_5a368_BackgroundImageUri</BackgroundImageUri>
      <DocumentUri>/CanvasApps/new_takemyorder_5a368_DocumentUri.msapp</DocumentUri>
    </CanvasApp>
  </CanvasApps>
  <connectionreferences>
    <connectionreference connectionreferencelogicalname="new_bc">
      <connectionreferencedisplayname>BC_Flow_connection</connectionreferencedisplayname>
      <connectorid>/providers/Microsoft.PowerApps/apis/shared_dynamicssmbsaas</connectorid>
      <iscustomizable>1</iscustomizable>
      <statecode>0</statecode>
      <statuscode>1</statuscode>
    </connectionreference>
  </connectionreferences>
  <Languages>
    <Language>3082</Language>
    <Language>1033</Language>
  </Languages>
</ImportExportXml>